{
  "Total" : {
    "transaction" : "Total",
    "sampleCount" : 1001,
    "errorCount" : 0,
    "errorPct" : 0.0,
    "meanResTime" : 15801.776223776225,
    "medianResTime" : 15112.0,
    "minResTime" : 542.0,
    "maxResTime" : 31909.0,
    "pct1ResTime" : 29088.4,
    "pct2ResTime" : 29836.0,
    "pct3ResTime" : 30907.260000000002,
    "throughput" : 29.23310554290053,
    "receivedKBytesPerSec" : 2860.5249606659954,
    "sentKBytesPerSec" : 11.990140945330298
  },
  "www.4home.pl" : {
    "transaction" : "www.4home.pl",
    "sampleCount" : 1001,
    "errorCount" : 0,
    "errorPct" : 0.0,
    "meanResTime" : 15801.776223776225,
    "medianResTime" : 15112.0,
    "minResTime" : 542.0,
    "maxResTime" : 31909.0,
    "pct1ResTime" : 29088.4,
    "pct2ResTime" : 29836.0,
    "pct3ResTime" : 30907.260000000002,
    "throughput" : 29.23310554290053,
    "receivedKBytesPerSec" : 2860.5249606659954,
    "sentKBytesPerSec" : 11.990140945330298
  }
}